"session","created","modified","ended","expired","respondentID","knowledgeFuelGas","knowledgeFuelElec","knowledgeSub","householdVehicles","currentVehType","currentVehTypeOther","parkingHousehold","parkingHouseholdOther","neighborEV","considerPHEV","considerBEV","yearOfBirth","gender","genderOther","ethnicity","ethnicityOther","education","work","housingType","housingTypeOther","housingOwner","housingOwnerOther","householdSize","income","political","politicalOther","covidEmployment","feedback"
"jy5FqLzHDETfZZpmxgJfLcnE_cqIc_9NUpjmMU4q27C4rbYD2S08gPsZUcoS8ekx","2021-08-18 00:08:43","2021-08-18 00:09:46","2021-08-18 00:09:46","","444","phev","bev","5000","1","Gasoline","","SFH","","2","probablyNot","probablyNot","1971","male","","white","","degree_md","employed_over40","detached","","own","","1","inc_100to150","moderate","","no",""
"M1WyDuLZ06CWfQuqOEly9zmuHlNzuTKcaXfivrFBDRsf72_YTKk6VwKas092pfzG","2021-08-18 00:17:37","2021-08-18 00:19:25","2021-08-18 00:19:25","","465","hev, phev","hev, phev","not_sure","1","Gasoline","","SFH","","2","definitelyNot","maybe","1942","male","","white","","college_some","retired","detached","","own","","2","inc_75to100","liberal","","no",""
"tVdwyoPe_WUTxrAQgkeex7bHtiKXTGc-W7fK-scZtYQpdUhmyzchr7VH5IwpHA1E","2021-08-18 00:21:39","2021-08-18 00:24:04","2021-08-18 00:24:04","","474","hev, phev","phev, bev","not_sure","3","Gasoline","","driveway","","2","probablyYes","maybe","2001","female","","white","","college_some","employed_under40","detached","","own","","3","inc_50to75","moderate","","no",""
"XmpnPrwus4nLEIl0MnFneFQFKiSgRLioiVSmn-wNm81sUPsHBlEZg5r20fvK14xb","2021-08-18 00:21:43","2021-08-18 00:23:26","2021-08-18 00:23:26","","469","","hev, phev, bev","not_sure","3","Gasoline","","driveway, SFH","","3","maybe","maybe","2001","female","","white","","hs","employed_over40","detached","","rent","","4","inc_75to100","prefer_not_say","","no",""
"6BOrLgceBPzaccOpC1QFQSaPht-ArxIyjUG2saZyXWQikbPmmz4-qKYA3AZLZ61t","2021-08-18 00:23:53","2021-08-18 00:24:44","2021-08-18 00:24:44","","476","bev","bev","5000","1","Gasoline","","driveway","","2","maybe","maybe","1980","female","","black","","hs","not_employed_yes_looking","detached","","rent","","2","under25","very_conservative","","no","n/a"
"Kk3LWmbkzq-5yuau_O9qerUhIgnLeatDQoHUdhyBoEScM5wep6FA8CU3wsPxqw8m","2021-08-18 00:25:56","2021-08-18 00:27:51","2021-08-18 00:27:52","","480","","phev","5000","1","Gasoline","","street","","2","probablyNot","definitelyNot","1940","male","","white","","degree_associate","retired","townhome","","own","","1","inc_50to75","moderate","","no","nooooooooooooooooooo"
"eurHbhKsuZ7A0AQP4MgUq2FDl0lwBzgjAtHdxuIV8Sh-7T2EHXxYn7P3ajsuUnc-","2021-08-18 00:30:39","2021-08-18 00:32:03","2021-08-18 00:32:05","","493","phev","hev","7500","1","Hybrid","","SFH","","1","maybe","maybe","1981","male","","white","","hs","employed_over40","detached","","own","","1","inc_50to75","very_conservative","","no","thx"
"S0xT4_cf4kGU1Jh3Un27aKcE2WW_UBRk3HBP-DWW0nZAkZsZRiwr-yIkNupO4M9s","2021-08-18 00:30:52","2021-08-18 00:31:56","2021-08-18 00:31:57","","494","hev","hev","1000","1","Hybrid","","street","","1","probablyYes","probablyYes","1993","male","","white","","degree_ms","employed_under40","detached","","own","","3","inc_75to100","liberal","","yes","very good like "
"jDzbj0OL3iMp92w-MoOoHpY3eaWDLtd7GyhWUak4AgGTq43YtCXMXA5hAqxfgAtE","2021-08-18 00:32:08","2021-08-18 00:33:21","2021-08-18 00:33:22","","494","hev","phev, bev","not_sure","2","Gasoline","","driveway","","1","probablyYes","probablyNot","1992","female","","white","","vocational","employed_over40","detached","","own","","4","inc_50to75","very_liberal","","no",""
"t2PLPlwzacXFcfgSLmgvVMYFGKtnTq4lnPZcWRHKWTK1ciAfFnfdzOnn3--TGyGw","2021-08-18 00:35:53","2021-08-18 00:37:53","2021-08-18 00:37:54","","517","hev","bev","not_sure","1","Gasoline","","driveway","","1","probablyYes","probablyNot","1964","male","","black","","degree_associate","retired","detached","","own","","2","under25","very_conservative","","yes","Interesting"
"jKeXgFM_SgjdBk_Elzv_JSYd3PdQO5Fs4nf-LTd11R9W6E0-Uxn0eLPtTTLbKvzZ","2021-08-18 00:36:07","2021-08-18 00:37:12","2021-08-18 00:37:13","","523","hev, phev","hev, phev, bev","not_sure","1","Gasoline","","driveway","","2","probablyYes","probablyYes","1996","male","","white","","degree_bs","employed_under40","apartment","","rent","","1","inc_50to75","liberal","","no",""
"wtbfco1itRbvrulxzEhq_DABOMGbP2gS06YbaEVZRacxQrgJhSX_pxrCmMmcSd5x","2021-08-18 00:36:10","2021-08-18 00:38:51","2021-08-18 00:38:52","","525","bev","phev","7500","3","Gasoline","","street, driveway","","3","definitelyYes","definitelyYes","1999","female","","hispanic","","college_some","employed_over40","apartment","","rent","","3","inc_75to100","moderate","","yes","It was fun"
"Z8AwF5kJHyHcsQrbvCWqrtkq3ryKyiJNoa75RG-EtwJJb84AO4EgcPTkbpSrENhw","2021-08-18 00:36:41","2021-08-18 00:38:20","2021-08-18 00:38:21","","523","hev","phev, bev","not_sure","1","Gasoline","","driveway","","2","probablyYes","maybe","1989","female","","black","","hs","employed_over40","apartment","","own","","prefer_not_say","inc_25to35","liberal","","no",""
"HumNs_fgAM0mD27SpajEot9VhYegu5dGlAM6HsyC65_oi1PfuMUQWmHDFpX2dzlY","2021-08-18 00:36:45","2021-08-18 00:39:18","2021-08-18 00:39:19","","513","","phev, bev","7500","1","Gasoline","","shared_lot","","3","maybe","maybe","1966","male","","white","","college_some","not_employed_not_looking","apartment","","rent","","1","inc_35to50","liberal","","no",""
"A6oggLwEhJkSlrjRoBlvsSbDEqQrTswHXy6U_xaFGfd60TImDnhAk5zDOKUnKSqv","2021-08-18 00:37:30","2021-08-18 00:40:14","2021-08-18 00:40:16","","523","hev","phev, bev","not_sure","0","","","street","","3","maybe","maybe","2000","male","","hispanic","","college_some","student","townhome","","rent","","4","under25","moderate","","no",""
"22qGY0Ts-89T-dJiiE6AT5l0rwGaldKoC-uAkc3bwpQTGwei2QB1v3tOf3xEYM_k","2021-08-18 00:38:37","2021-08-18 00:40:44","2021-08-18 00:40:45","","515","hev, phev","phev, bev","not_sure","1","Gasoline","","driveway","","2","maybe","definitelyNot","1952","female","","white","","degree_ms","employed_over40","townhome","","rent","","1","inc_25to35","very_liberal","","no",""
"KK50LFXE6Mpn2Kmm0TMZ4y0HCTGRtEZfgiuFlT0X9AJKUA8UbuRbdWU-giqU6WEV","2021-08-18 00:39:52","2021-08-18 00:40:49","2021-08-18 00:40:50","","537","hev, phev","hev","not_sure","2","Gasoline","","street, driveway","","3","definitelyYes","maybe","1989","female","","white, hispanic","","degree_bs","employed_over40","detached","","own","","4","inc_35to50","very_liberal","","no",""
"dHEE6Ht8n-Aw_7o8u69PbNv9aV_GeVGN0uPNVLwZgbcXsSEKYC3kBCfzLxwoq7Tz","2021-08-18 00:39:53","2021-08-18 00:41:09","2021-08-18 00:41:10","","533","hev","phev","2500","1","Hybrid, Plug-In Hybrid","","driveway, SFH","","1","probablyNot","probablyYes","2000","female","","black","","college_some","student","detached","","own","","4","inc_35to50","very_conservative","","yes",""
"_JZX9XleESOZGatKo-OKO6HOvV_vG4fUvaWexhq8OFpsXv2aiGcHwb2tGEgIPEOo","2021-08-18 00:40:01","2021-08-18 00:41:52","2021-08-18 00:41:54","","531","phev","phev","not_sure","2","Gasoline, Plug-In Hybrid","","SFH","","2","definitelyYes","probablyNot","1944","male","","white","","degree_ms","retired","detached","","own","","2","inc_35to50","conservative","","no","Well done "
"ahWu2-dn6qS3eR8O46-Gbz52zRoxcmuIKzE6j2YaJ0XSGRQaA3S8firuM6tGFOMT","2021-08-18 00:40:11","2021-08-18 00:41:13","2021-08-18 00:41:15","","533","hev","phev","not_sure","1","Gasoline","","driveway","","2","definitelyYes","definitelyYes","1995","male","","hispanic","","hs","not_employed_yes_looking","detached","","own","","4","inc_50to75","liberal","","no",""
"MbkDjdHtqW4tyHHCkfMZwa_Tm88GkYy8VXkdr9hwqlx1rNEK1Ng-qGYVXV8qHLsz","2021-08-18 00:40:13","2021-08-18 00:41:23","2021-08-18 00:41:24","","517","hev","phev","7500","2","Gasoline","","SFH","","1","definitelyYes","definitelyYes","1996","female","","black","","degree_bs","employed_under40","townhome","","own","","3","inc_75to100","conservative","","yes",""
"JhbPfaUN3Rkf7h8s9Ec6ghYQz6RVZuqrZiuxSViQPpodcwnkAzd9qQKkhe6O_oIo","2021-08-18 00:40:58","2021-08-18 00:44:19","2021-08-18 00:44:21","","511","hev","phev","not_sure","2","Gasoline, Hybrid","","SFH","","2","definitelyYes","definitelyYes","1978","male","","white","","degree_ms","employed_over40","detached","","own","","4","inc_75to100","liberal","","yes","it was very useful study"
"4sbMzwY951o_u8tKEZOZA0GVwTWzVYBQsXdL_9b0fXr2MePjV37HgFOaAH-ZJlV1","2021-08-18 00:40:59","2021-08-18 00:42:39","2021-08-18 00:42:40","","537","hev","hev, phev, bev","not_sure","2","Gasoline","","street","","3","probablyYes","maybe","1975","male","","white","","hs","employed_over40","detached","","own","","3","inc_75to100","liberal","","no","None"
"VWgcxqGSoKi3giEBkn0bDCmSgrxEx36w4xmJe3dYGiqTtxUcPNH0hjvQKCHJgbLb","2021-08-18 00:41:05","2021-08-18 00:43:15","2021-08-18 00:43:16","","537","hev, phev","phev, bev","5000","1","Gasoline","","street, driveway, SFH","","2","probablyYes","maybe","1999","male","","white","","hs","employed_over40","detached","","own","","3","inc_50to75","very_liberal","","no",""
"OgwxBf2otIl5ZGGJ3R6x3cTqyjUN0tudiSxlDt4GcW9637G2bzeMJ41OvkXgFtYr","2021-08-18 00:41:14","2021-08-18 00:42:32","2021-08-18 00:42:33","","583","hev","hev","7500","1","Plug-In Hybrid","","SFH","","1","definitelyYes","definitelyYes","1985","male","","white","","degree_ms","employed_under40","detached","","own","","4","inc_100to150","very_liberal","","yes","I like nit so much"
"_aCWZQHWHMIY7wcZ9BoWNMsE1jbn_QNvuBp_K9el-wepHUEQJR5ldwyQI_MtQgeq","2021-08-18 00:41:36","2021-08-18 00:43:22","2021-08-18 00:43:23","","548","hev","phev, bev","not_sure","2","Gasoline","","SFH","","2","probablyNot","probablyNot","1965","female","","white","","degree_associate","employed_under40","detached","","own","","2","inc_50to75","conservative","","no","Enjoyed the survey "
"AsdWxpFok_VqvRKCm6QEx8_nigJunEdi8eO9ljcRP2U2A9N3isYdvgdknSHGyMH6","2021-08-18 00:41:47","2021-08-18 00:42:22","2021-08-18 00:42:23","","598","hev","hev","5000","2","Gasoline","","street","","1","definitelyYes","definitelyYes","1989","female","","asian","","degree_md","employed_over40","mobile","","own","","3","inc_over400","very_conservative","","yes","bubo"
"5A4H9ixOxE4PDW0vJvdRUz5bfgZGcfAcu9TXJYdqP50mWidZx34WTbU8rF4jGe4F","2021-08-18 00:41:57","2021-08-18 00:42:56","2021-08-18 00:42:57","","598","bev","phev","1000","1","Gasoline","","driveway","","2","probablyNot","definitelyNot","1984","male","","white","","hs","employed_over40","townhome","","rent","","2","inc_35to50","moderate","","no",""
"4XCTDvw77NM8OWI2IO1QXGVrfaNkjwNspd8Z8-w1orRBx5U0gpaJ0-rGzG9QDnOQ","2021-08-18 00:42:23","2021-08-18 00:44:09","2021-08-18 00:44:11","","598","hev, phev","phev, bev","10000","1","Electric","","street, SFH, shared_garage","","1","definitelyYes","definitelyYes","1981","male","","white","","degree_ms","employed_under40","mobile","","own","","4","inc_100to150","very_conservative","","yes","just amazing"
"sk-Sp3ejB6uNCgZ7BWpcA-laT17QByg_Gs2RUw2KJl15GEvu7RrHJ9jVJH9X-R0e","2021-08-18 00:42:25","2021-08-18 00:44:24","2021-08-18 00:44:26","","583","hev, bev","phev","10000","1","Gasoline, Electric","","SFH","","1","definitelyYes","probablyYes","1974","male","","white","","degree_ms","employed_over40","detached","","own","","4","inc_100to150","very_liberal","","yes",""
"JO5Y-yHaApxSR0oOMZTpn-JG0fnJoe80Aq6eMoDGVeT2nKgTpqO6GX-nbaA1bELK","2021-08-18 00:42:25","2021-08-18 00:46:55","2021-08-18 00:46:56","","462","hev, phev","hev, phev, bev","not_sure","2","Gasoline","","shared_lot","","3","probablyNot","probablyNot","1947","male","","white","","degree_bs","retired","detached","","own","","2","inc_75to100","conservative","","no",""
"xCqdTyhX_GvVjXhbwIxBXGQcfT1r4Ha5_5mKvz_VvffXmvHPS-Z_L4ePu9dtsilK","2021-08-18 00:42:59","2021-08-18 00:44:59","2021-08-18 00:45:01","","583","hev","phev","not_sure","1","Gasoline","","driveway","","2","maybe","maybe","1995","female","","white","","college_some","employed_over40","detached","","own","","4","inc_25to35","conservative","","no",""
"M0z_VSoF3RRqbt1X-dHWQcTL7Kbx0FULhzStRxs_GybmFl3pa0kiOW46FyNjYewf","2021-08-18 00:43:04","2021-08-18 00:46:21","2021-08-18 00:46:22","","548","hev, phev","phev, bev","not_sure","2","Gasoline","","street","","2","probablyNot","definitelyNot","1998","male","","white","","hs","employed_over40","townhome","","own","","2","inc_25to35","conservative","","yes",""
"TwX9tdCSBCN8hS3K25mOT3SiZoteF0Zw9zqWKGJQVMeOnxfXblCkyNZEx9qPmX73","2021-08-18 00:43:26","2021-08-18 00:44:35","2021-08-18 00:44:36","","568","hev","hev","10000","1","Gasoline","","driveway","","1","probablyYes","definitelyYes","1988","male","","white","","degree_ms","employed_over40","mobile","","own","","4","inc_100to150","very_liberal","","yes","yes i lie it "
"PkcD3VdujPGQZi_A3a3dFUEnncgsxo2RfB6qmveIRpaZe8YiOgQ1recku_BfR7vD","2021-08-18 00:43:51","2021-08-18 00:44:35","2021-08-18 00:44:37","","583","hev","phev","7500","2","Hybrid","","shared_garage","","1","definitelyYes","definitelyYes","1981","male","","white","","degree_ms","employed_under40","mobile","","own","","4","inc_100to150","very_liberal","","yes","much better"
"6DSzE91f3ImEzVKeMNJpXBk3QssM0VxDtNdDDWnHs6sMcfcG342wzWT9te5oWk0o","2021-08-18 00:43:52","2021-08-18 00:45:12","2021-08-18 00:45:14","","681","hev","hev","10000","1","Gasoline","","street","","1","definitelyYes","definitelyYes","1981","male","","white","","degree_ms","employed_over40","mobile","","own","","4","inc_100to150","very_conservative","","yes","I like it so much. Thanks for asking."
"u6re0P8f7KJxG4p7KWIGPH9dbzXyuGMeWtpozhpwLTe5lPhutzRnOdKEfvF1UitB","2021-08-18 00:43:56","2021-08-18 00:45:43","2021-08-18 00:45:45","","653","hev","phev","1000","4","Electric","","street","","1","definitelyNot","definitelyYes","1991","male","","white","","degree_ms","employed_under40","townhome","","rent","","4","inc_100to150","very_conservative","","yes","agen a lot"
"ETs-oZu4xcjVq96NWzG_i51j-VPeVwAFGqtsUzQAOBF2I5MALiTg2nqE9s-QhDyH","2021-08-18 00:43:58","2021-08-18 00:46:17","2021-08-18 00:46:18","","583","bev","hev, bev","10000","1","Gasoline","","SFH","","1","definitelyYes","definitelyYes","1981","male","","white","","degree_ms","employed_under40","detached","","own","","3","inc_75to100","very_liberal","","yes","Love this"
"1EGAJe3k1aP8Mkgs6QFblrEFw7RtJZWalCS2c19SZY1trHgMuMksueRN36aFzWJB","2021-08-18 00:44:07","2021-08-18 00:45:13","2021-08-18 00:45:15","","623","hev","phev","not_sure","2","Gasoline","","driveway","","3","maybe","maybe","1966","male","","white","","degree_bs","employed_over40","detached","","own","","2","inc_200to250","conservative","","no",""
"IMxypgrN3o_wVMcq6Qk3nnj7MyoHBpcpxfY3fYdKXtUnRRCE9wBjiEHclA6DJq8L","2021-08-18 00:44:13","2021-08-18 00:46:44","2021-08-18 00:46:45","","681","hev","phev","not_sure","2","Gasoline","","SFH","","2","maybe","maybe","1974","female","","black","","degree_associate","employed_over40","detached","","own","","4","inc_50to75","very_liberal","","no",""
"RJiM7JCCX9UjFNavOJU0idM_V3t6X78JtJBNhWXii6ta3KKEWN9Pl0aavSPdkyuq","2021-08-18 00:44:15","2021-08-18 00:47:27","2021-08-18 00:47:28","","681","hev","","10000","1","Hybrid","","street","","1","definitelyYes","definitelyYes","1979","male","","white","","degree_ms","employed_over40","townhome","","own","","3","inc_75to100","very_conservative","","yes","yes i know that"
"S3_H3or7Iha88R7_S6YbvbCAPUvFLzr9UBooMZCEqqzUQ2nklX9fWxBt4lANaHRy","2021-08-18 00:44:26","2021-08-18 00:47:17","2021-08-18 00:47:18","","583","phev","phev","not_sure","1","Gasoline","","driveway","","2","maybe","maybe","1965","male","","white, hispanic","","degree_associate","employed_under40","detached","","own","","2","inc_35to50","very_conservative","","no","was interesting thanks"
"92DSXIR595HvlYUXMkqn0uUMf239mDr4VXYHkutBGUZgczAxsO2T-IfPjH7b7Xgb","2021-08-18 00:44:30","2021-08-18 00:46:42","2021-08-18 00:46:43","","623","hev","phev","not_sure","1","Gasoline","","SFH","","1","probablyYes","probablyYes","1984","female","","white","","degree_associate","employed_under40","detached","","rent","","4","inc_35to50","liberal","","yes",""
"f9fBCAvtcA_OWKNWEmphBmdfRlIfMhw1otu55FhKhEr61hKO73qfdefIRH--GBJr","2021-08-18 00:44:33","2021-08-18 00:46:36","2021-08-18 00:46:37","","583","hev","hev, phev, bev","not_sure","1","Gasoline","","driveway","","2","definitelyNot","definitelyNot","1950","male","","white","","college_some","retired","mobile","","own","","2","inc_25to35","very_liberal","","no",""
"PhswSTruBjzHg-5TXAbXJm3wb7L8fClyUU3kFE0ilus5tsLF8I81dkBuS7rRj1eA","2021-08-18 00:44:50","2021-08-18 00:45:59","2021-08-18 00:46:00","","699","hev, phev","phev","7500","2","Gasoline, Hybrid","","SFH, shared_garage","","1","definitelyYes","probablyYes","1981","male","","white","","degree_ms","employed_under40","detached","","own","","3","inc_100to150","very_liberal","","yes",""
"KSOJ-oWSiYgx1982zVGpl07ebOLnHmQM6roeRP-VzQhlgXuilAOoYm3BVJj21cmP","2021-08-18 00:44:53","2021-08-18 00:45:49","2021-08-18 00:45:51","","699","hev","hev","7500","2","Plug-In Hybrid","","SFH, shared_garage","","2","maybe","probablyYes","2000","male","","white","","hs","employed_under40","detached","","own","","1","inc_50to75","moderate","","no",""
"omZN3OXZL0ENYOHVIiEkLfuqOUO4870TczdRPkpcCvDhd49LfkBGcWj_DvBudmSL","2021-08-18 00:45:08","2021-08-18 00:47:46","2021-08-18 00:47:47","","681","phev","hev","7500","1","Hybrid","","SFH","","1","probablyYes","definitelyYes","1981","male","","white","","degree_ms","prefer_not_say","apartment","","own","","4","inc_75to100","moderate","","yes","It was very good survey."
"yVGXw5hh1AZoJSTfRkaWl6Kh58ic1HJMj4qSFQcg1z-SY4qvThoF_0vUlZ5d9W3C","2021-08-18 00:45:09","2021-08-18 00:47:58","2021-08-18 00:47:59","","623","hev","phev","10000","1","Gasoline","","SFH","","1","probablyYes","definitelyYes","1975","male","","asian","","degree_ms","employed_under40","detached","","own","","3","inc_100to150","moderate","","no",""
"yGqH5q_y4irjqCKFgjYUIML58oqPy4ZIrPRnsIU-Ilzib1PLGMPiOLLA7_oxHu5R","2021-08-18 00:45:11","2021-08-18 00:47:03","2021-08-18 00:47:04","","623","hev","phev, bev","not_sure","2","Gasoline, Hybrid","","street, driveway","","3","definitelyYes","definitelyYes","1971","male","","asian","","degree_bs","employed_over40","detached","","own","","5 or more","inc_75to100","liberal","","no",""
"Zh1b3ueTFHNs3xtcD3cRvNmKR2dMSE91AcJX2r0mly9CTyuMzhPcBi5iz5_S6tiS","2021-08-18 00:45:58","2021-08-18 00:48:11","2021-08-18 00:48:12","","598","hev, phev, bev","hev","7500","1","Hybrid","","SFH","","1","probablyYes","definitelyYes","1975","male","","white","","degree_ms","employed_under40","mobile","","own","","3","inc_150to200","very_conservative","","yes","I enjoy to taking the survey."
"uIX43PHyG0WT1isdo4L0_mhPDnepmA2k7mNdBhswJYDxHYD-0kAuPEayzN_zlf-i","2021-08-18 00:46:00","2021-08-18 00:47:39","2021-08-18 00:47:41","","710","hev","","2500","2","Gasoline, Hybrid","","SFH","","2","probablyYes","probablyYes","1987","female","","asian","","degree_associate","employed_over40","detached","","rent","","3","inc_25to35","very_conservative","","no",""
"X3l8RUOZtpdeEdgWtJqiD-BYMDzuMukL7ZhpprGQg0Ia8FbsKo1FTHKrjvhpkVxp","2021-08-18 00:46:10","2021-08-18 00:50:25","2021-08-18 00:50:26","","653","hev, phev","phev, bev","not_sure","2","Gasoline","","driveway","","2","probablyYes","probablyYes","1979","male","","white","","college_some","disabled","detached","","own","","3","inc_25to35","moderate","","no","I can't think of anything, This is the best survey I have taken out of about 1000 that I really enjoyed... Good work guys/gals. Hope my info helps. Have a splendid evening."
"Qm7wQE9sj2LdMN7K7JD3CsrXHVZvWew8jUoOE_DubCr5_XkNodXfi8YtZEWvDsg9","2021-08-18 00:46:15","2021-08-18 00:48:38","2021-08-18 00:48:40","","548","hev, phev","phev, bev","not_sure","4","Gasoline","","driveway","","2","definitelyNot","definitelyNot","1988","male","","white","","college_some","employed_over40","detached","","rent","","3","inc_75to100","moderate","","no","nothing more to add"
"yqxecjs5r17GoUJ5A_Ue5mnuC6FDdieWX9UuMcCIZP6LJ1gs-J9NSmgaNf9wv3Kg","2021-08-18 00:46:18","2021-08-18 00:48:13","2021-08-18 00:48:14","","681","hev","hev, bev","10000","1","Gasoline, Hybrid","","SFH","","1","definitelyYes","definitelyYes","1971","male","","white","","degree_ms","employed_under40","detached","","own","","3","inc_75to100","very_liberal","","yes","love this survey"
"wElixK_LcwFyNuaRB6Snmg_ZyIv1VDplGeFFSPkGgn94SrbAMeozsayXcDxLctXn","2021-08-18 00:46:27","2021-08-18 00:47:44","2021-08-18 00:47:45","","623","hev, phev","hev, phev, bev","not_sure","1","Gasoline","","shared_lot","","2","maybe","maybe","1957","male","","white","","degree_bs","retired","apartment","","rent","","1","inc_50to75","very_liberal","","no",""
"Vymngm4RykN_vipF0J-G67ewnnNAAqusyAwmoybUSadVW2LTUx8E63Zye8dCfXTF","2021-08-18 00:46:28","2021-08-18 00:48:21","2021-08-18 00:48:23","","548","hev, phev","phev, bev","not_sure","1","Gasoline","","driveway","","2","maybe","definitelyNot","1959","female","","white","","hs","retired","mobile","","own","","1","under25","conservative","","no",""
"T6z8_sRVJXaeqiZGfIosBZLGOvOnIIqqSJTQSILvQrEPWC-od_8-ssjOA6XmRovo","2021-08-18 00:46:35","2021-08-18 00:48:25","2021-08-18 00:48:26","","653","hev, phev","hev, phev","5000","1","Gasoline","","driveway","","1","definitelyYes","definitelyYes","1956","male","","white","","hs","retired","detached","","own","","4","inc_25to35","conservative","","no",""
"MmYIAdnsCKEbewzJTXkYs5Li0tEQjH-0ZxNI01aby22LaWBFM8qe5NPifmWjymxa","2021-08-18 00:46:51","2021-08-18 00:47:33","2021-08-18 00:47:34","","695","hev","hev","10000","3","","","street","","1","probablyYes","probablyYes","1968","male","","white","","degree_bs","employed_under40","detached","","own","","3","inc_over400","moderate","","no","Onay"
"fbG0KZ6EPzqNPltEIwnH8sjcusqVYlVv7pg-3_EtrgPIySY9Q9P_LOa8LmJqNtpN","2021-08-18 00:47:33","2021-08-18 00:49:44","2021-08-18 00:49:45","","598","hev","hev, phev, bev","not_sure","5","Gasoline","","driveway","","2","probablyYes","maybe","1965","female","","white","","hs","employed_over40","mobile","","own","","4","inc_100to150","moderate","","no",""
"tVMv2XBYpls2q4Ze9uoRtwcXv99ROjaNM6yF9gxWKShGDRidDSnByM3Ap06JTfz9","2021-08-18 00:47:49","2021-08-18 00:48:40","2021-08-18 00:48:41","","763","phev","bev","10000","5","Gasoline, Hybrid","","street, driveway","","2","probablyYes","maybe","2000","male","","asian","","hs","student","mobile","","own","","5 or more","inc_over400","very_conservative","","no",""
"i-hBRADyHdMR4XEDHPHvB4hplZZzj9I4b5L7PzjBXMo6ofQCE7kQZ6z50-GhvAni","2021-08-18 00:48:12","2021-08-18 00:50:17","2021-08-18 00:50:18","","730","hev, bev","phev","10000","1","Gasoline","","street, driveway, shared_garage, shared_lot","","1","definitelyYes","definitelyYes","1965","female","","asian","","degree_bs","not_employed_yes_looking","apartment","","rent","","4","under25","very_liberal","","no","i feel good"
"hyX9PSudIH22c1y5G_MvtdlHaANVmPBnpLqO4BPcHjJBYTwPOJ3Qt2TJVKe632Sn","2021-08-18 00:49:17","2021-08-18 00:50:50","2021-08-18 00:50:52","","745","hev","hev","10000","1","Gasoline","","SFH","","2","probablyYes","maybe","1979","female","","asian","","degree_bs","employed_over40","townhome","","rent","","2","inc_75to100","moderate","","no",""
"gdtCQwKupsAuEiCnakS151SknBSijMS4WKbkj7jvkuF0Z1_6n8geFx0_YNv4uakH","2021-08-18 00:49:52","2021-08-18 00:58:24","2021-08-18 00:58:26","","653","phev","phev, bev","7500","1","Gasoline","","SFH","","1","definitelyYes","probablyYes","1982","male","","white","","degree_ms","employed_under40","detached","","own","","4","inc_100to150","moderate","","no","Effective "
"w79inISQZzX9nQ1i5zYDwjaZZdYMAXDtRcoDa61WStjZcafCmeObIXlymFafSmKZ","2021-08-18 00:50:24","2021-08-18 00:51:54","2021-08-18 00:51:56","","730","hev","hev","2500","1","Gasoline","","shared_lot","","1","probablyYes","probablyYes","1993","female","","hispanic","","degree_bs","employed_over40","townhome","","own","","1","inc_50to75","moderate","","no","none"
"o749X_IMAF119GUFHOQDn9xwEVvZKRzRTq6kfM1hYI7suTsGrXRGXcQRReX0jN2D","2021-08-18 00:50:34","2021-08-18 00:53:27","2021-08-18 00:53:28","","774","phev","hev, phev, bev","not_sure","2","Gasoline, Hybrid","","driveway, SFH","","1","probablyYes","probablyYes","1986","male","","asian, white","","degree_bs","employed_over40","apartment","","rent","","2","inc_100to150","very_liberal","","no","Great survey! It helped me with my car!"
"ZOC0561M8oZh9XlA32bAIYN6L798iRYJudIfxgArTk2lG0FJJn2lV6Q1-RDVY0_k","2021-08-18 00:50:51","2021-08-18 00:54:07","2021-08-18 00:54:08","","695","hev","phev","not_sure","2","Gasoline","","shared_lot","","2","probablyNot","probablyNot","1953","male","","white","","degree_bs","employed_over40","detached","","own","","2","inc_50to75","conservative","","no","none"
"zijL9PQty6A1r35aspKiHuh_byvOnLro4hLF5G33LNfHCSiBWJ78XtCCYZrgkTt4","2021-08-18 00:50:58","2021-08-18 00:53:09","2021-08-18 00:53:10","","754","hev, phev","phev, bev","not_sure","1","Gasoline","","driveway","","3","definitelyYes","definitelyYes","1976","male","","white","","vocational","employed_over40","townhome","","rent","","1","inc_50to75","liberal","","no","I liked the survey"
"-ibAF5NrGGSwsgkpJrfVvdBHUYqEXJF-vl9EUSESUFqy8Eto3IYC3dsGKIdbz00F","2021-08-18 00:51:04","2021-08-18 00:53:15","2021-08-18 00:53:17","","730","hev, phev","phev, bev","not_sure","2","Gasoline","","SFH","","2","maybe","maybe","1969","male","","black","","degree_bs","employed_under40","townhome","","own","","4","inc_250to300","moderate","","no",""
"z6e5vFmfEdwwbZutg5XmoWTJZ9_vY5GVgztY3_ljaEIC5SV1DiuslEYbEVxfquc3","2021-08-18 00:51:15","2021-08-18 00:53:25","2021-08-18 00:53:26","","754","hev","phev","not_sure","2","Gasoline","","street, SFH","","1","maybe","maybe","1946","male","","white","","college_some","not_employed_yes_looking","detached","","own","","4","inc_100to150","liberal","","yes",""
"UqncY-_WvPncqss_N3BcByYaaSU6-_jb6DXL4-RTNLnopmSlnNzIVpLs1ps2f7JA","2021-08-18 00:51:27","2021-08-18 01:02:11","2021-08-18 01:02:13","","785","hev, phev","phev, bev","7500","2","Gasoline, Hybrid","","street, driveway, shared_garage","","1","probablyYes","definitelyYes","1986","male","","black","","college_some","employed_over40","detached","","own","","3","inc_50to75","very_conservative","","no","Thank you"
"4sGxWhE013-rN1-K8i5ORmYHK3D3pFLzYTx-7raTQDLg7UqJPQI1JEhgsoyZDXCF","2021-08-18 00:51:31","2021-08-18 00:53:07","2021-08-18 00:53:08","","798","hev","hev","7500","1","Gasoline","","SFH","","2","probablyYes","probablyYes","1984","male","","white","","degree_associate","employed_under40","detached","","own","","2","inc_50to75","moderate","","no",""
"HC6CekY9sPXnk72LWNFPB0EVQdk-c4nDvEPF4r3dtzVfwv2_l1gUXmd7e6wcks1q","2021-08-18 00:51:37","2021-08-18 00:53:02","2021-08-18 00:53:04","","548","hev, phev","phev, bev","not_sure","1","Gasoline","","SFH","","2","probablyYes","definitelyYes","1968","male","","white","","degree_bs","employed_over40","detached","","own","","4","inc_100to150","moderate","","no","No issues encountered "
"PgPcFhKhEMLNak3SrwMKLh-VHGEF7lMQSrezQ-Gvrakuatr1SBsCmsATSB2vvL_C","2021-08-18 00:52:06","2021-08-18 00:53:35","2021-08-18 00:53:36","","792","hev, phev","hev, phev, bev","5000","2","Hybrid","","SFH","","1","probablyNot","probablyNot","1988","male","","white","","degree_bs","employed_over40","townhome","","rent","","1","inc_50to75","liberal","","no",""
"X6HEm1RKuZ7XUlJPb6z6pOE7jSgDmAoTzRVvv2uP1iOYF6mj6fvUW8Aa74tflsgA","2021-08-18 00:52:07","2021-08-18 00:55:30","2021-08-18 00:55:32","","623","hev, phev","hev, phev","7500","1","Hybrid, Electric","","street, shared_garage","","1","definitelyYes","definitelyYes","1985","male","","white","","degree_ms","employed_over40","detached","","own","","4","inc_100to150","very_conservative","","yes","i like a  lot "
"uDUlC1bWxU-kp8bT_m4AtP8S1BNYwFwhY9vcKFuFl3vHBStVGhMvp7B14LH4U__L","2021-08-18 00:52:17","2021-08-18 00:55:55","2021-08-18 00:55:56","","705","hev","phev","not_sure","3","Gasoline","","shared_garage","","2","definitelyYes","definitelyYes","1970","male","","white","","degree_bs","employed_over40","detached","","own","","5 or more","inc_100to150","moderate","","no","Good survey.  Changed type of questions to limit fatigue.  nice progress bar at the top.  stayed on topic.  taught me through example."
"yWmzbtPlha4US3g2jd8meZEbN7sqZiKi53G9LvKG5jgUZZYH-l1FLBUMxDFULoCF","2021-08-18 00:52:23","2021-08-18 00:54:28","2021-08-18 00:54:29","","774","hev, phev","phev, bev","7500","5","Gasoline","","driveway, SFH","","2","maybe","probablyNot","1946","male","","white","","degree_bs","retired","detached","","own","","2","inc_75to100","conservative","","no",""
"T5L7YfEGxc8N2vOWO1Lj2l9tyljeb-ewOVj2XJJdu9Hc__M_LUIXbaXqwIKLrWDd","2021-08-18 00:52:24","2021-08-18 00:54:08","2021-08-18 00:54:09","","807","hev, phev","phev, bev","not_sure","2","Gasoline","","driveway","","2","probablyYes","probablyYes","1984","male","","white","","degree_ms","employed_over40","detached","","own","","4","inc_100to150","moderate","","no",""
"KLJQO1WN-d31bTIR5ZjxXQnDeIq_ee2nyW1n_0GKhyXRwFsPSKWu9M-VCg9GnNdY","2021-08-18 00:52:37","2021-08-18 00:53:45","2021-08-18 00:53:46","","845","bev","bev","2500","1","Gasoline","","driveway","","3","maybe","maybe","1986","male","","white","","degree_bs","student","apartment","","own","","1","inc_75to100","moderate","","no","thanks!"
"hg_VpsY0cS5AWlI0FtqbzPgoUuFy1-S86mItgYZzjiEZLlaSZ6esJYpnOZl3OUfq","2021-08-18 00:52:50","2021-08-18 01:09:56","2021-08-18 01:09:56","","681","hev, phev","hev, phev, bev","not_sure","2","Gasoline","","street, shared_garage","","2","probablyNot","probablyNot","1998","female","","white","","vocational","not_employed_not_looking","townhome","","rent","","3","inc_50to75","conservative","","no","it was nice and quick"
"j-n9Ej9WZWPf4pkbOacX82Tj8jXSgrQ-DCAKTZ5tjQs23BZHg64d8p8IlhEbZSSZ","2021-08-18 00:52:57","2021-08-18 00:55:26","2021-08-18 00:55:27","","763","hev","phev, bev","not_sure","2","Gasoline","","driveway","","3","probablyYes","maybe","1987","female","","white","","college_some","employed_under40","detached","","rent","","3","inc_150to200","prefer_not_say","","yes",""
"za1VM_FxpV4uyfBHSYuFOKqyvzWDgkcDYtL2nIvam8TIkRF-TWwvr_gQwYaOq0_j","2021-08-18 00:53:01","2021-08-18 00:55:17","2021-08-18 00:55:19","","830","hev","phev","2500","2","Gasoline","","shared_lot","","2","maybe","maybe","1967","female","","white","","hs","disabled","apartment","","rent","","3","inc_25to35","moderate","","no","None"
"mtRphQvP5O54iiumA4-2vGdOzNmavkhVoqH5YsRA_zsd3ZPPGYUNGy00ht5IUktY","2021-08-18 00:53:50","2021-08-18 00:55:31","2021-08-18 00:55:33","","821","hev","phev","not_sure","3","Gasoline","","driveway, SFH","","1","probablyYes","probablyYes","1970","female","","white","","degree_associate","employed_over40","detached","","own","","3","inc_75to100","liberal","","no",""
"vEjokDgC7dMBSR8f9t3RlyfLhbclDzpATuN3o5Xp5267NoQVf7XSrzw_wcvTVD8X","2021-08-18 00:54:14","2021-08-18 00:57:15","2021-08-18 00:57:17","","821","bev","hev, phev","2500","1","Gasoline","","driveway","","2","probablyYes","probablyYes","1992","male","","black","","hs","employed_under40","detached","","own","","2","under25","moderate","","no",""
"C1Az0sj9auUZPZn4iajGX3kz2cQGghSOqAQ-id1MmBmU5Qh1ARFHVYqf3mEfbZ4J","2021-08-18 00:54:23","2021-08-18 00:56:02","2021-08-18 00:56:03","","857","hev","hev, phev, bev","7500","1","Gasoline","","SFH","","2","definitelyYes","definitelyYes","1982","female","","black, white","","degree_bs","employed_over40","detached","","own","","4","inc_75to100","moderate","","no",""
"tXVg6tf1UKEOQ98tOM6WvLqEQxXJ5qjJqoSBco3yljs1pVNsIxWmwwHytgplxSpV","2021-08-18 00:54:25","2021-08-18 00:55:49","2021-08-18 00:55:50","","845","hev, phev","phev, bev","not_sure","1","Gasoline","","driveway","","1","probablyYes","probablyYes","1994","male","","white","","hs","employed_under40","detached","","rent","","2","inc_25to35","liberal","","yes",""
"WeZucY5_KfYC0tWzVaD9ZEnPMDO-dvXb4poJ9ooiABgSsRpYfa9-dbPqZdflYlNX","2021-08-18 00:54:32","2021-08-18 00:57:01","2021-08-18 00:57:02","","837","phev","hev","2500","1","Gasoline","","SFH","","1","definitelyYes","definitelyYes","1989","male","","black","","hs","employed_over40","mobile","","rent","","3","inc_35to50","liberal","","yes","great for me"
"pPnLcfi7Qt3rEPyshrDgi4lx40BdGYRi-xuaAXPFA6kSxS7o6zj2OFyF26HauvJl","2021-08-18 00:54:45","2021-08-18 00:56:43","2021-08-18 00:56:45","","807","hev, phev","phev, bev","7500","2","Hybrid","","street","","1","definitelyYes","definitelyYes","1977","male","","white","","degree_bs","employed_over40","townhome","","rent","","3","inc_50to75","very_liberal","","yes",""
"5hQNub2IN4G7sUkLsLQaDNR7Imz9wfE3r0JAiLWR9k0EIbkuQZBHisCxGpqdXOyL","2021-08-18 00:54:49","2021-08-18 00:56:10","2021-08-18 00:56:11","","837","hev","phev, bev","5000","2","Gasoline","","SFH","","2","definitelyNot","probablyNot","1983","male","","white","","degree_bs","employed_over40","detached","","own","","1","inc_50to75","conservative","","no",""
"wrD9sVEb03GYIePA8FPkVUk3pfm-b0ydzggWZt7mzlP6KDQ0u8TF2K2owuTUwF-0","2021-08-18 00:54:59","2021-08-18 00:56:28","2021-08-18 00:56:29","","837","hev","phev, bev","not_sure","2","Gasoline","","driveway, SFH","","3","probablyNot","probablyNot","1968","female","","white","","college_some","employed_over40","detached","","own","","4","inc_75to100","prefer_not_say","","no",""
"ItxLTsbViBb-mkhlmhuAXtKIk8tRUMXtZA6wjGxd0XJHIoninV77_5A9nf4t2v1B","2021-08-18 00:55:01","2021-08-18 00:56:08","2021-08-18 00:56:09","","881","hev","hev, phev","5000","1","Gasoline, Electric","","SFH","","1","definitelyYes","definitelyYes","1982","male","","white","","degree_ms","employed_under40","detached","","own","","3","inc_75to100","very_conservative","","yes","better survey"
"OMf6MEvVDQV-LWUA79v0QWjUa1xh202ORIE2hqjp2YbA8hNcToY1Mbym4QD7U6nZ","2021-08-18 00:55:08","2021-08-18 00:55:52","2021-08-18 00:55:53","","730","phev","hev","7500","2","Hybrid","","shared_garage","","2","maybe","maybe","1991","male","","asian","","degree_bs","employed_under40","townhome","","rent","","3","inc_75to100","moderate","","no",""
"hQx5ZM7ehp6WZ_ysYUB0eV_W09SSi0bG5N0vCY-yWRlJzco54FfDHskkGcjry5vA","2021-08-18 00:55:09","2021-08-18 00:56:38","2021-08-18 00:56:39","","845","hev","bev","7500","1","Gasoline","","shared_lot","","2","maybe","maybe","1969","male","","white","","degree_bs","employed_over40","apartment","","rent","","1","inc_75to100","conservative","","no",""
"tDIvYjjqsFekQJMt9XYp2hQCBeGUvjcan7gk1r9K_kC-vv5Polu3RnEX3Z7FpkWt","2021-08-18 00:55:14","2021-08-18 00:57:45","2021-08-18 00:57:46","","798","hev","phev","not_sure","1","Gasoline","","driveway","","2","probablyNot","maybe","1971","male","","white","","degree_md","employed_over40","apartment","","rent","","1","under25","very_liberal","","yes",""
"1ivbFwFFtS_lEPsbg2vuH-DT3dU06E3uYetzfTb6aNo3jdLd2F4JVTLUDI7igFKL","2021-08-18 00:55:19","2021-08-18 00:57:07","2021-08-18 00:57:09","","881","hev","hev","7500","1","Gasoline","","SFH","","1","definitelyYes","definitelyYes","1977","male","","white","","degree_ms","employed_over40","detached","","own","","4","inc_100to150","very_conservative","","yes","it was very good"
"7_hKMPUDO4knm61N4x_snUMnHQMIlJx2-nHMihlxlAJTRXAogkQAnbuDFimvWgMK","2021-08-18 00:56:05","2021-08-18 00:58:15","2021-08-18 00:58:16","","867","hev, phev","hev","10000","5","Hybrid","","street","","1","definitelyYes","definitelyYes","1979","female","","white","","degree_ms","employed_over40","detached","","own","","3","inc_200to250","very_conservative","","yes","i like it"
"N4ZVwH-6-5ws11UlZIFLI3Rqd3BKKYYiZMCFd00lBFzpYHrz0Vn3odu7iZ6p5jXs","2021-08-18 00:56:24","2021-08-18 00:59:15","2021-08-18 00:59:16","","867","","hev","7500","2","Electric","","street, SFH, shared_garage","","1","probablyYes","probablyYes","1981","male","","white","","degree_ms","employed_over40","townhome","","own","","3","inc_100to150","very_liberal","","yes","this is good survey"
"OU10rUfR3bWw9fkmYukSGXCZJfGkCT2wpGuLyXPQA-VL4ST7_9am4yfkpktHReZW","2021-08-18 00:56:24","2021-08-18 00:58:18","2021-08-18 00:58:20","","837","hev, phev","phev, bev","7500","3","Gasoline, Electric","","driveway, SFH","","3","definitelyYes","definitelyYes","1970","female","","white","","degree_ms","employed_over40","detached","","own","","2","inc_150to200","conservative","","no",""
"Ys6EKSvNx4MxbWEIZejoZ2OJNnUr5_ijhXzAzC3S07Ln2_sl8t9fFWSh0LQzn9Jo","2021-08-18 00:56:26","2021-08-18 01:18:42","2021-08-18 01:18:42","","900","hev","phev","1000","1","Gasoline","","SFH","","1","probablyNot","definitelyNot","1975","male","","white","","degree_bs","student","apartment","","rent","","1","under25","very_conservative","","yes","no thank u"
"1ikiJ5i379vWwUK6wX6aovng_A76GgyRIP2UT_AfKYssCU0jT3JD-__-peyWgAzN","2021-08-18 00:56:42","2021-08-18 00:58:42","2021-08-18 00:58:44","","900","hev","phev, bev","7500","2","Gasoline","","SFH","","1","probablyYes","probablyYes","1959","male","","white","","degree_md","employed_over40","detached","","own","","5 or more","inc_250to300","conservative","","no","Great survey!"
"ltRYsya2E2PlqgDjYTbsQuU-4ClsRFespeM-Nz8sJtT70-7byX6y4dDVY6M4Gief","2021-08-18 00:56:47","2021-08-18 00:58:15","2021-08-18 00:58:16","","914","hev, bev","hev, phev","5000","2","Hybrid","","driveway","","2","probablyNot","maybe","2003","female","","white","","hs","employed_under40","detached","","own","","4","inc_200to250","liberal","","no",""
"DykBuUJK92IV0UwtZ4DsGCRkjEXW6-YjNaBszlYNAHI1XYxrQIATAPKlewJwBUTa","2021-08-18 00:56:50","2021-08-18 00:58:05","2021-08-18 00:58:06","","887","","hev","not_sure","2","Gasoline","","shared_lot","","2","probablyNot","probablyNot","1968","male","","black","","college_some","employed_over40","apartment","","rent","","5 or more","inc_100to150","very_liberal","","no",""
"S9afy6foWI8ZKuwBBuRpaBNh0v5Zqrad6RTyUDx-q1NllBgSdfzYv2OVkJr7RGqE","2021-08-18 00:57:26","2021-08-18 00:59:14","2021-08-18 00:59:15","","914","phev","hev","7500","1","Gasoline","","SFH","","1","definitelyYes","maybe","1988","male","","white","","degree_ms","employed_under40","townhome","","own","","3","inc_150to200","very_liberal","","yes","enjoy this survey "
"rhMC9vjnSfH0dN93wP9BoDXnTxikfedCR2XlDcfZZRmHTyvabOihmEXC_KtFMItE","2021-08-18 00:57:27","2021-08-18 00:58:55","2021-08-18 00:58:56","","887","hev","phev, bev","not_sure","2","Gasoline","","driveway, shared_lot","","2","maybe","probablyNot","1996","female","","white","","college_some","employed_over40","detached","","own","","2","inc_50to75","liberal","","no",""
"OaUqqNOjjzJnQSukkNba7e7ToJDiDx-MuR_ut8uCfzGwhgs9_57-rhRHf3n8_LW0","2021-08-18 00:57:39","2021-08-18 01:00:26","2021-08-18 01:00:28","","900","phev","phev","7500","2","Plug-In Hybrid","","SFH","","2","maybe","probablyYes","1987","male","","white","","degree_ms","student","townhome","","own","","4","inc_100to150","conservative","","yes","nothing"
"v-7tWIfhpwZHl_4KswkkbI5Z8Xye32sg5YOm87x9EDALfTQ77IDApScezCyHIYSS","2021-08-18 00:57:50","2021-08-18 00:59:54","2021-08-18 00:59:55","","857","hev","phev","7500","1","Gasoline","","SFH","","2","maybe","maybe","1942","male","","white","","degree_ms","retired","detached","","own","","4","inc_75to100","moderate","","yes","great survey "
"9UfxrMBtD1jjKeTCAGbk-dnap0J09q2ai3r2BdWlC4CesLhyDo83MDlL4TX5WONU","2021-08-18 00:58:08","2021-08-18 00:59:09","2021-08-18 00:59:10","","931","hev","hev","5000","1","Gasoline","","SFH","","1","definitelyYes","definitelyYes","1981","male","","white","","degree_ms","employed_over40","mobile","","own","","4","inc_100to150","moderate","","yes","good"
"wMrIfAXgs8qaPWKbkV497tnOrbsv7I5vR52CBPWx0j_tiwBmY-u1RWoBVPhFEQwA","2021-08-18 00:58:22","2021-08-18 01:00:10","2021-08-18 01:00:11","","931","hev","phev, bev","not_sure","1","Gasoline","","shared_garage","","1","maybe","maybe","2000","female","","white","","hs","not_employed_yes_looking","apartment","","rent","","2","under25","prefer_not_say","","yes","I loved this survey!"
"UdqUU2ylq5-z-BGyyPUmEGcelJodc7f1V6gNmsl73nrf5KAALABR4NCze-wdfgFq","2021-08-18 00:58:24","2021-08-18 00:59:56","2021-08-18 00:59:57","","867","hev, phev","hev, phev, bev","not_sure","2","Gasoline","","driveway","","2","probablyYes","probablyYes","1987","female","","white","","degree_ms","employed_over40","detached","","rent","","2","inc_35to50","liberal","","no",""
"jgjZwCi5iGqpY7xEJo6hYsFN9KPjk6pwj_XRX0ZDpIEwCrl8ckVy_-LxQwiOZWOX","2021-08-18 00:58:28","2021-08-18 00:59:40","2021-08-18 00:59:42","","821","hev, phev","phev","not_sure","1","Gasoline","","driveway","","3","definitelyYes","probablyYes","1965","male","","white","","degree_bs","employed_over40","detached","","rent","","1","inc_50to75","moderate","","no",""
"XJ_PgqYXqkwr73AVyk2gft7NW_zs8NSZQ1o40NykllPgNkjlTRmOtjhGJM1wivx8","2021-08-18 00:58:37","2021-08-18 00:59:56","2021-08-18 00:59:57","","881","hev","phev, bev","not_sure","1","Gasoline","","driveway","","3","definitelyYes","definitelyYes","1989","female","","white","","college_some","not_employed_not_looking","detached","","own","","3","inc_35to50","conservative","","yes","nope this was fun"
"-8R5RjC4jdynDvjgk4WL_V95ADS593HgmPJkcN4qJwLCqIz6CFnCzhUtMqy9756z","2021-08-18 00:58:49","2021-08-18 01:00:34","2021-08-18 01:00:35","","948","hev","bev","2500","1","Gasoline","","driveway","","2","maybe","definitelyNot","1976","male","","black, hispanic","","college_some","not_employed_yes_looking","apartment","","rent","","4","inc_25to35","moderate","","no",""
"r-dhMqFsij2mvALJLyBFuGsdUc_ds3UIqmeOWn3EyJR5b6V_KbqtodWrx_EDv_qh","2021-08-18 00:58:50","2021-08-18 01:00:18","2021-08-18 01:00:20","","914","hev","phev","not_sure","1","Gasoline","","street","","3","maybe","probablyYes","1978","male","","white","","degree_ms","employed_over40","apartment","","rent","","2","inc_150to200","liberal","","no","thank you for the interesting survey!"
"ARCUrjFeMq9c1H1_V1_PnNaAjLOknuv6OgPC5L53yizlxSemeE4dYL58-WWr3uCA","2021-08-18 00:59:11","2021-08-18 01:01:00","2021-08-18 01:01:01","","881","hev","phev","not_sure","1","Gasoline","","driveway, SFH","","2","probablyYes","probablyYes","1992","male","","white","","vocational","employed_over40","detached","","own","","4","inc_50to75","moderate","","no","Nothing at all really "
"0xCSNVa8A2XfcjS-44gJvZGp7-ZuxOnx2qgjeaWx1MLjlNhx0GkACBrpjMMwJris","2021-08-18 00:59:17","2021-08-18 01:01:13","2021-08-18 01:01:15","","887","hev","hev","1000","1","Hybrid","","street","","1","definitelyYes","definitelyYes","1976","male","","white","","degree_ms","employed_over40","detached","","own","","4","inc_150to200","very_conservative","","no","cool"
"wnnPNFflfO5ftNjEMyOeim0LT8yPo74Kvk8NOzKPBBJTHsZvF-j9fctljqGSI1oI","2021-08-18 00:59:20","2021-08-18 01:00:53","2021-08-18 01:00:54","","965","hev","phev","not_sure","3","Gasoline","","driveway","","2","maybe","maybe","1968","male","","white","","college_some","employed_under40","detached","","own","","3","inc_100to150","moderate","","yes","all good"
"V2SJp2zdqh0l4nTHgnbmkGLKWxvfObOMCETPyXRFfmzMscEGCQsAR_pAKUhubWpM","2021-08-18 00:59:22","2021-08-18 01:00:12","2021-08-18 01:00:13","","977","hev, phev, bev","hev, phev, bev","7500","1","Gasoline","","SFH","","1","definitelyYes","definitelyYes","1987","female","","white","","degree_associate","employed_under40","townhome","","rent","","3","inc_50to75","very_liberal","","yes",""
"1g2ssSvDpavzvUyrm6kqSpMxd1NsQ6RGRqVxQlyKxYW6_6b3jjumc0nvIjwgyREy","2021-08-18 00:59:50","2021-08-18 01:01:31","2021-08-18 01:01:32","","948","hev","phev","2500","1","Gasoline","","driveway, SFH","","3","probablyYes","maybe","1979","female","","asian","","degree_bs","employed_over40","condo","","own","","1","inc_75to100","moderate","","no","lesson on math"
"lGWzMjpMzYO5z1dqyFVCs9EHfEWpTdqRy5_4uqKkjD_MBqM1lD2Z6U9Ps-OBzT8d","2021-08-18 00:59:51","2021-08-18 01:00:56","2021-08-18 01:00:57","","867","hev","hev","5000","1","Plug-In Hybrid","","shared_garage","","1","maybe","probablyNot","1999","female","","hispanic","","college_some","employed_over40","detached","","own","","3","inc_75to100","moderate","","no",""
"vY2woRLjxPuE-bTM4G6H2zdLr8jZBS0AMw3AnSbMWxnF3onLAgHoSy-wWXZlluOK","2021-08-18 01:00:00","2021-08-18 01:01:17","2021-08-18 01:01:18","","900","hev","hev, phev, bev","not_sure","2","Gasoline","","street, driveway","","3","definitelyYes","definitelyYes","1983","male","","white, hispanic","","college_some","employed_over40","detached","","own","","3","inc_100to150","very_liberal","","no","ty"
"9xuvKRFEqwK7XDmuWi0Amw76XvxJjhnYO2SlwUEz-yGLIxR8-c3YoLD8yVc8GNCp","2021-08-18 01:00:08","2021-08-18 01:03:41","2021-08-18 01:03:43","","931","hev","phev, bev","not_sure","1","Gasoline","","street","","2","definitelyNot","definitelyNot","1973","male","","white","","hs","employed_over40","townhome","","rent","","1","inc_35to50","moderate","","no",""
"v3Wi09SZfKZJBAi2PLWdLyHIvbCQwEoWyXJPLRrZ61lT3CmhYXe4utyt5WgiEi17","2021-08-18 01:00:15","2021-08-18 01:02:16","2021-08-18 01:02:17","","821","hev","hev, phev","10000","1","Gasoline","","driveway","","2","probablyYes","maybe","1972","male","","black","","degree_associate","not_employed_yes_looking","apartment","","rent","","1","inc_25to35","conservative","","no","no "
"ZmZIBqzVRciXURz608mWrmR-gpePlp23AHmvyikGPl8nJKbq6HvFPyjbv_v32Nab","2021-08-18 01:00:24","2021-08-18 01:01:39","2021-08-18 01:01:40","","965","hev, phev","phev, bev","7500","2","Gasoline","","shared_lot","","3","maybe","maybe","1991","female","","white","","degree_md","employed_over40","apartment","","rent","","2","inc_100to150","very_liberal","","no",""
"SFIS5_p2r3TeVQVPjUeulIrTaPGhNLpxUeN76Xyk7HbQM_n-gU53Vk5tQ82ciZD4","2021-08-18 01:00:35","2021-08-18 01:01:23","2021-08-18 01:01:24","","972","hev","hev","7500","1","Hybrid","","street","","1","definitelyYes","definitelyYes","1985","male","","white","","degree_ms","employed_under40","mobile","","own","","4","inc_100to150","very_liberal","","yes","much better"
"zIoOYpS1kX8nIKZT5UDNjxm8izQnrNCT_S5QUbc1v-fRAgBeNMAmnjfrL2Ok0UVQ","2021-08-18 01:00:51","2021-08-18 01:06:01","2021-08-18 01:06:02","","867","hev","phev","not_sure","2","Gasoline, Hybrid","","street, driveway","","1","probablyYes","probablyNot","1974","prefer_not_say","","hispanic","","hs","student","townhome","","own","","5 or more","inc_75to100","moderate","","yes",""
"NXTVnYY-Qq1dpf91ikjfSFK8gCbMMpR_v0hPN3j_e_b8RMlQ2VhV7pmZN4dvSR5w","2021-08-18 01:00:59","2021-08-18 01:02:46","2021-08-18 01:02:47","","965","hev","phev, bev","not_sure","1","Hybrid","","driveway","","3","maybe","definitelyYes","1963","male","","asian","","degree_bs","employed_over40","condo","","own","","1","inc_75to100","liberal","","no","written clearly, cheers!"
"Br-24vj8lcjwZRuYJn4460YnRxaKbvNFoiGT_RRbE00G-K0iZP_9FBai7EgkOp7K","2021-08-18 01:01:05","2021-08-18 01:02:36","2021-08-18 01:02:38","","931","hev, phev","phev, bev","not_sure","2","Gasoline","","driveway","","2","maybe","maybe","1988","male","","white","","college_some","employed_over40","detached","","own","","3","inc_35to50","moderate","","no","none"
"ePGN62sZVmitG7xTmTWO1HYN26mMPxnj61TijontIyieNkrPuAneOwxsNvj59vtg","2021-08-18 01:01:12","2021-08-18 01:03:09","2021-08-18 01:03:10","","948","hev","hev, phev","5000","1","Gasoline","","street, driveway, SFH","","2","probablyYes","probablyYes","1980","female","","white","","degree_associate","employed_over40","detached","","own","","3","inc_35to50","conservative","","no",""
"4vluawL5MtraJxTF91O7Qm5bVSBFfFT7zjRQuQcWBgKMCNBd8q5lq_-sLV8pOHhP","2021-08-18 01:01:16","2021-08-18 01:02:55","2021-08-18 01:02:56","","965","hev","phev, bev","not_sure","1","Gasoline","","driveway, SFH","","2","maybe","maybe","1958","male","","white","","degree_associate","retired","detached","","own","","1","inc_25to35","moderate","","no","This was fun"
"jpWLArGzOdCZ0miK8UmsPveBZvrj7fhUU7Rg-kKWNhkzym_D2IjgusymffjfAk5H","2021-08-18 01:01:30","2021-08-18 01:04:48","2021-08-18 01:04:50","","977","hev, bev","hev","5000","3","Gasoline","","SFH","","2","probablyYes","probablyYes","1980","male","","white","","degree_ms","employed_over40","detached","Owned House","own","","3","inc_150to200","liberal","","no","Very good survey"
"iqx-9U-gIvZ1UH5VM7-Fpy0hS7FAXvZhAsGzYLyEj2HVYNyoBrqZxXb8_xe9IKXs","2021-08-18 01:02:06","2021-08-18 01:04:52","2021-08-18 01:04:53","","900","phev","","7500","1","Gasoline","","SFH","","1","probablyYes","probablyNot","1980","male","","white","","degree_bs","employed_over40","detached","","own","","2","inc_50to75","moderate","","no","good survey"
"nddxTQt_5LU3LEELeYlYGzTP_wPa1gNUNALSxtpG-GRFbFOdbbVWWScU8DebRmKu","2021-08-18 01:02:16","2021-08-18 01:04:28","2021-08-18 01:04:30","","931","hev","hev","not_sure","1","Gasoline","","SFH","","1","probablyYes","probablyYes","1984","female","","asian","","degree_ms","employed_over40","detached","","own","","3","inc_150to200","moderate","","no","none"
"u7AWzP4Dbj3nyKDIcyD3Qpav0YgX0T4p6dqZRn2c6RcdrOQlMFWUmVApruRCg6Nz","2021-08-18 01:02:18","2021-08-18 01:03:24","2021-08-18 01:03:25","","1002","hev","phev, bev","5000","2","Gasoline, Hybrid","","street, driveway, SFH","","1","definitelyYes","definitelyYes","1990","male","","white","","degree_ms","employed_over40","detached","","own","","4","inc_100to150","conservative","","no","decent survey"
"60vI4jW4yCjE27f5Mbp5miXwvhbxbr-smYnx8kbrLz8u1CHrf9WTK9CWgVjhYcaJ","2021-08-18 01:02:42","2021-08-18 01:05:02","2021-08-18 01:05:03","","1002","hev","phev","5000","3","Gasoline","","driveway","","3","probablyNot","probablyNot","1996","male","","black","","degree_bs","employed_over40","detached","","own","","1","inc_100to150","liberal","","no",""
"x1Soix3Qg8Xpa8l6r2c7hr0dZcdRsb9vbJtUKYN0LRHEjUZrQMMRFz9ybdONQxJ-","2021-08-18 01:02:42","2021-08-18 01:03:50","2021-08-18 01:03:51","","931","phev","phev","5000","1","Gasoline","","SFH","","1","probablyYes","probablyYes","1978","male","","black","","degree_bs","employed_over40","detached","","own","","3","inc_50to75","very_conservative","","yes",""
"NiIUT3K7upwp4xommEQSUlhEG9sPvJ_n4kXau0aokBF0l3QxDAvdDlHsAND1xUUf","2021-08-18 01:02:55","2021-08-18 01:04:30","2021-08-18 01:04:31","","881","hev","phev","not_sure","2","Gasoline","","shared_garage","","3","probablyNot","maybe","1993","female","","white","","degree_bs","employed_over40","detached","","own","","2","inc_75to100","moderate","","yes",""
"H4_YvA7dAo7KYVLl24ygto-QCAnYv-lJ7abVMu_8snB-wQ0RJ4JMRcUX6vdHwVG3","2021-08-18 01:03:18","2021-08-18 01:06:24","2021-08-18 01:06:25","","965","phev","phev","5000","1","Gasoline","","SFH","","2","definitelyYes","definitelyYes","1971","male","","white","","degree_ms","employed_over40","apartment","","own","","4","inc_150to200","moderate","","yes",""
"jyvDdSOCqjL88QNy57xGvo19qmcu7h6cpHKYAKeOu0Af-DlQjC0EuoUwcfz_v2Bq","2021-08-18 01:03:21","2021-08-18 01:05:59","2021-08-18 01:06:00","","986","hev","phev, bev","not_sure","1","Hybrid","","street, driveway","","1","maybe","probablyNot","1965","male","","white","","college_some","retired","mobile","","own","","2","inc_25to35","very_liberal","","no","Nothing"
"sDjMuIlscsjR4jnA5ZN7-GUKFEyGjgZT7tVxAnDF9NuNaWe_gyOEUVN1cJxycMXW","2021-08-18 01:03:24","2021-08-18 01:05:16","2021-08-18 01:05:18","","986","phev","phev, bev","not_sure","2","Gasoline","","SFH","","2","probablyNot","probablyNot","1968","male","","white","","degree_bs","not_employed_not_looking","detached","","own","","2","inc_50to75","moderate","","yes","all good thanks"
"ExLSpaSm4fIounfq2igQX-cba2OkBsOoxVJgSl7jQvwXbPmPqYOsCsBssFvWh-8Y","2021-08-18 01:04:02","2021-08-18 01:05:16","2021-08-18 01:05:17","","972","hev","hev","7500","3","Gasoline","","street, driveway","","1","definitelyYes","definitelyYes","1997","female","","white","","college_some","employed_over40","detached","","own","","3","inc_150to200","moderate","","yes",""
"qKwuAlxJh6Kgc7mtWscSqxqqOt_8qkX-ldrRpI9LwueU11VLvZq5RaJ5y1j1qvje","2021-08-18 01:04:14","2021-08-18 01:06:52","2021-08-18 01:06:53","","1008","hev","phev, bev","7500","3","Gasoline, Hybrid","","street, driveway, SFH","","1","probablyYes","maybe","1960","female","","white","","degree_ms","employed_over40","detached","","own","","4","inc_50to75","moderate","","no",""
"21Wr98PJjDZbPlodS9CrL7I-00l2_xiXdJKuZ1O0zUTq0QuNGvw7wTfVarTn7nkL","2021-08-18 01:04:17","2021-08-18 01:08:24","2021-08-18 01:08:25","","931","hev, phev","phev, bev","7500","1","Gasoline","","driveway","","1","definitelyYes","definitelyYes","1974","male","","black","","degree_ms","employed_over40","condo","","rent","","2","inc_75to100","prefer_not_say","","no",""
"C2ZPHXzuWUsseMA2joa62Jb-CPhd85-f4L9zLZnTCoQvU8x4GGt-rZwg-9xS3zBo","2021-08-18 01:04:19","2021-08-18 01:06:56","2021-08-18 01:06:57","","972","hev, phev","phev, bev","not_sure","2","Gasoline, Electric","","street, driveway, SFH","","3","definitelyYes","definitelyYes","1988","female","","white","","degree_bs","not_employed_not_looking","detached","","own","","2","inc_75to100","very_liberal","","prefer_not_say",""
"MnoNGal7vdvJoCXAi47sE12HX4RL2neP0Wj_LZh7jyCiHX5yOaKMsgLWDXeqxc-L","2021-08-18 01:05:21","2021-08-18 01:07:32","2021-08-18 01:07:33","","699","","","5000","6","Plug-In Hybrid","","SFH","","1","definitelyYes","definitelyYes","1979","male","","white","","degree_ms","student","apartment","","own","","4","inc_200to250","very_liberal","","yes","very good servey"
"fCukWP1zdo55dSUHrQggRCgD38v2rQfZ8Lmv17nLlDCsuZDnFwCiuG3X3xaHPLlW","2021-08-18 01:06:34","2021-08-18 01:11:57","2021-08-18 01:11:57","","965","hev","phev, bev","5000","1","Hybrid","","SFH","","1","probablyYes","probablyNot","1988","male","","white","","degree_ms","employed_under40","detached","","rent","","4","inc_75to100","liberal","","no","it was a very good survey,i like it a a lot."
"0jgloFOqiNZ2GliUnQipT9KjY8sJwZOV75igOPTUK7ile2dosd8CQHI4lliYfi5q","2021-08-18 01:06:45","2021-08-18 01:08:20","2021-08-18 01:08:21","","914","phev","hev","2500","2","Gasoline, Hybrid","","street, driveway, SFH, shared_garage","","1","probablyYes","probablyYes","1982","male","","black","","degree_bs","employed_over40","townhome","","own","","2","inc_75to100","conservative","","no",""
"AGsnsGe_e6cOBIgMdehkXuVgXZm7ElY7QUvE2n02gOVqvSA-KRaacpTPqoMaN9-l","2021-08-18 01:07:25","2021-08-18 01:12:17","2021-08-18 01:12:17","","1002","hev, phev","hev, phev, bev","not_sure","1","Gasoline","","SFH","","2","probablyYes","definitelyYes","1956","male","","black","","degree_bs","employed_over40","detached","","rent","","1","inc_100to150","moderate","","no","Survey was well constructed regarding several financial incentives that may be available for purchasing electric or hybrid vehicles."
"-sspF-xCPSfP2NXGtP-HI2tnVo5L2tX5QCzK8FswkP9wv5LG8LiCb5236NXUMInU","2021-08-18 01:08:03","2021-08-18 01:10:56","2021-08-18 01:10:56","","623","hev","hev","10000","1","Hybrid","","street","","1","definitelyYes","definitelyYes","1985","male","","white","","degree_ms","employed_under40","detached","","own","","4","inc_100to150","very_conservative","","yes","thank you"
"1MsgKb7PeMVPIow4petdoU4HByeJ3az3qrMelpn6XQ8xMK4GkqIcrgqoHirTRqCI","2021-08-18 01:08:13","2021-08-18 01:09:46","2021-08-18 01:09:46","","623","hev","hev","10000","1","Electric","","street","","1","definitelyYes","definitelyYes","1985","male","","white","","degree_ms","employed_over40","detached","","own","","4","inc_100to150","very_conservative","","yes","LIKE IT"
"mQtA0uczJ1AmgVX4Sk2QzqQlpF2WipSP3d_s_YC3k8_v-PcurWrkUDWEQ6UtTPQi","2021-08-18 01:08:58","2021-08-18 01:15:04","2021-08-18 01:15:04","","568","hev","phev, bev","not_sure","2","Gasoline","","shared_lot","","2","probablyNot","probablyNot","1977","female","","white","","degree_associate","employed_over40","apartment","","rent","","5 or more","inc_75to100","very_liberal","","no",""
"9NWVHTrCG9GZLK17p5UgXWiWHdZDmTrbpAEAwGaVmXagfCqnwsGtQ74VAVuoe2tW","2021-08-18 01:09:58","2021-08-18 01:12:14","2021-08-18 01:12:14","","972","hev","phev, bev","not_sure","2","Gasoline","","driveway, SFH","","2","probablyYes","probablyYes","1959","female","","white","","degree_bs","employed_under40","detached","","own","","2","inc_50to75","moderate","","no","none"
"sAqKcsTePe-e4yrt-zYBLrUqyr1Vtd8MQCTQsOIg1QN5L3zN0He3MuawzJbFTEwu","2021-08-18 01:10:11","2021-08-18 01:11:17","2021-08-18 01:11:17","","681","hev","hev","10000","1","Gasoline","","street","","1","definitelyYes","definitelyYes","1981","male","","white","","degree_ms","employed_over40","detached","","own","","4","inc_100to150","very_liberal","","yes","thank you "
"-tnA6VJ9EQIT4sJyVoGODfRu470e55btlq3zDLWNHut7oMNuDaxlKyU4skxcblIt","2021-08-18 01:10:20","2021-08-18 01:11:48","2021-08-18 01:11:48","","986","hev","phev","not_sure","1","Gasoline","","driveway","","2","definitelyNot","definitelyNot","1982","male","","white","","degree_associate","employed_over40","townhome","","own","","4","inc_35to50","liberal","","no",""
"e6VF_jcl_MWXDs4h-oMwYjdbeP6aVeP2EpYQ0Ph8SldgINjlLctHXZWS9bk-ZpUS","2021-08-18 01:12:28","2021-08-18 01:16:12","2021-08-18 01:16:12","","931","hev, phev","hev","10000","4","Gasoline, Hybrid","","SFH, shared_garage","","1","definitelyNot","probablyNot","2001","male","","white","","degree_associate","student","detached","","own","","3","inc_50to75","liberal","","no",""
"noTc5kjoovFvTsuZ2waSqnlHkOsJMvmavzPxdciBORC84AgzXXwRGW_5XMXiwO6p","2021-08-18 01:16:31","2021-08-18 01:22:07","2021-08-18 01:22:07","","881","hev","phev, bev","not_sure","2","Gasoline","","street, driveway, SFH","","2","probablyYes","probablyYes","1970","female","","white","","vocational","employed_under40","detached","","own","","3","inc_75to100","conservative","","no",""
"OzjsGDJnz_5UyFXW6-SL_QtZ81s1uMMAFBkAAZ0qEahlfzE8YP3hGA1iroxD8db_","2021-08-18 01:17:55","2021-08-18 01:22:15","2021-08-18 01:22:15","","1009","hev","phev, bev","not_sure","1","Gasoline","","SFH","","2","definitelyNot","definitelyNot","1957","male","","white","","vocational","employed_over40","detached","","own","","1","inc_100to150","very_conservative","","no",""
"WhitVyfSp6uJM8QJtGWx56FFQuDqG4FA4QSrD5wYxrYMnjICjjTPxgF_3boNFSvs","2021-08-18 01:29:06","2021-08-18 01:30:23","2021-08-18 01:30:23","","1002","hev, phev","hev, phev, bev","not_sure","2","Gasoline, Hybrid","","SFH","","2","probablyYes","probablyYes","1989","male","","black","","degree_bs","employed_under40","townhome","","rent","","3","inc_75to100","moderate","","no",""
"ZTlniwe9C7e8B-l1BPwr7gls-tEHOqvwYEhW85ri0y0NZHSS23IuGQ0wXVGkqnOW","2021-08-18 02:35:34","2021-08-18 02:38:23","2021-08-18 02:38:23","","900","hev","bev","10000","1","Gasoline","","driveway","","1","probablyYes","maybe","1988","male","","white, hispanic","","degree_bs","employed_over40","detached","","own","","3","inc_100to150","moderate","","yes",""
"VWvyF8YEc21vIXpM3m2sGUcTU-ZzUmWxIHpEI9d3ruioCVaxBhM5c1JvVP1tm4k0","2021-08-18 19:16:56","2021-08-18 19:18:23","2021-08-18 19:18:23","","1022","hev","phev","1000","3","Gasoline","","SFH","","1","probablyYes","probablyYes","1952","male","","asian","","degree_ms","employed_under40","detached","","own","","3","inc_75to100","liberal","","yes","none"
"HZ1EPOZysVy4F2LxzYw_HeCz0mQjo6miCg5BX0dJwDjzQoJXszzsnXRkmc7c7k5w","2021-08-18 19:17:00","2021-08-18 19:18:46","2021-08-18 19:18:46","","1030","phev","phev","5000","1","Plug-In Hybrid","","SFH","","2","probablyYes","probablyYes","1952","male","","hispanic","","degree_associate","employed_under40","townhome","","own","","3","inc_50to75","moderate","","yes",""
"QWOd2od0GBusK-4khqABVsMuYzdqiHFWYiL5DWBg2hnEOw5uaQvslJSuNBcuSzCl","2021-08-18 19:17:09","2021-08-18 19:18:53","2021-08-18 19:18:53","","1031","hev, phev","hev","10000","1","Gasoline","","SFH","","1","probablyYes","probablyYes","1987","male","","white","","degree_bs","employed_over40","detached","","own","","3","inc_100to150","liberal","","no","the survey is excellent."
"9jboe4DBZCPi5mINZgZAfdBhoWY_Y1rh51pLCtYQjai0Rz3y6YDNPU-CYyYIYDJh","2021-08-18 19:17:57","2021-08-18 19:18:59","2021-08-18 19:18:59","","1024","phev","hev","2500","2","Gasoline","","street","","2","maybe","maybe","1947","female","","asian","","degree_bs","retired","detached","","own","","3","inc_50to75","moderate","","no",""
"YAy03kvGAiGWAqVzG2gQ_zlnzI3BDnKAoEGZV2fkvZg7LTnjKJBxoluDsQxNYm0f","2021-08-18 19:18:51","2021-08-18 19:32:18","2021-08-18 19:32:18","","1033","hev","phev","5000","1","Hybrid","","driveway","","3","probablyNot","probablyNot","1998","female","","black","","degree_associate","employed_over40","mobile","","own","","1","inc_25to35","very_liberal","","no",""
"DiGx9DHQsR1a3TfpqKMvEhc4Wc1qTk0fF6hG2dB1rRBW7NFKKxro6X-st9VIO6GK","2021-08-18 19:18:55","2021-08-18 19:21:10","2021-08-18 19:21:10","","1020","hev","phev, bev","not_sure","2","Gasoline","","shared_garage","","2","definitelyYes","maybe","1962","female","","white","","hs","retired","apartment","","rent","","2","inc_35to50","conservative","","no",""
"FOznbPj-L_4yAtuBlk1LtmQ5mrlOmyPGQfz54MSGZ4z09crnTR_K9QL7ZATcfvmg","2021-08-18 19:19:32","2021-08-18 19:21:21","2021-08-18 19:21:21","","1028","hev, phev","phev, bev","not_sure","2","Gasoline","","driveway, SFH","","2","probablyYes","maybe","1948","male","","white","","degree_ms","retired","detached","","own","","2","inc_100to150","conservative","","no",""
"i7BSypyXKVTARI5TTbS0V2QZviOj2VUanGOoL80j1meKGDTcmzHFDy1HcbNTgMpG","2021-08-18 19:20:08","2021-08-18 19:22:44","2021-08-18 19:22:44","","1032","hev, phev","phev, bev","not_sure","2","Gasoline","","street, driveway, SFH","","2","maybe","probablyNot","1954","female","","white","","degree_ms","retired","detached","","own","","2","inc_100to150","moderate","","no",""
"R_wB29w2cfdEQjZLQypWzasTXHDM-1QsMYKUn5yfQ2ccGpQ_hAJqcjnyUnDWmzjp","2021-08-18 19:21:20","2021-08-18 19:24:12","2021-08-18 19:24:12","","1034","hev","phev","7500","1","Gasoline","","SFH","","3","definitelyYes","probablyYes","1948","male","","white","","degree_bs","retired","detached","","own","","2","inc_75to100","conservative","","no","Very enjoyable and educational survey!"
"ySldCN3p0_L7SYMJ6VLinY0XxjRKa8Cg85xR8uRj46pFg3NdjHKqNkRuDjbfASS7","2021-08-18 19:27:51","2021-08-18 19:32:08","2021-08-18 19:32:08","","1029","phev","","5000","2","Gasoline","","SFH","","2","probablyYes","probablyYes","1990","male","","white","","college_some","student","detached","","own","","4","inc_75to100","liberal","","no","No "
"F0JHLBn7WTmy8A2T751drMQIeL1-oV7-nlkTSJx-PlAmNI8L4p5vhXC2am3Mp8s8","2021-08-18 19:56:47","2021-08-18 19:58:49","2021-08-18 19:58:49","","1019","hev","hev","7500","1","Gasoline","","SFH","","1","definitelyYes","probablyNot","1955","female","","white","","degree_bs","retired","detached","","own","","3","inc_50to75","conservative","","no",""
"PZ1Z6_iV53U8lSW-W38muBZyLLO6fFsRXBPBqeReoNVLRCt3ADuywhvN30eDTQLw","2021-08-18 20:02:24","2021-08-18 20:03:43","2021-08-18 20:03:43","","1040","hev","hev","2500","1","Hybrid","","street","","2","definitelyYes","probablyYes","1986","male","","white","","degree_bs","employed_over40","condo","","own","","3","inc_50to75","very_liberal","","no",""
"JVvjkJ-m6IfSVCJNK2hpWxrfIE1Oey4B3e_AkkD6K3nvYCYs87qAPNDXxqTuutXM","2021-08-18 20:02:31","2021-08-18 20:04:02","2021-08-18 20:04:02","","1045","hev","","1000","4","Gasoline, Hybrid","","shared_garage","","1","definitelyYes","definitelyYes","1984","male","","white","","degree_ms","employed_under40","mobile","","own","","4","inc_100to150","very_conservative","","yes","it is very good"
"rnLkJvXh1JC92dVaMhN0h-5CeAeDqy-knoJNP1zvf5cqGHNNoltBXaUGvRxoNF_u","2021-08-18 20:02:46","2021-08-18 20:03:23","2021-08-18 20:03:23","","1044","","","not_sure","1","Gasoline","","SFH","","2","probablyYes","maybe","1988","female","","white","","degree_bs","employed_over40","apartment","","rent","","1","inc_75to100","conservative","","no",""
"HgDCkGN2-7YM_hmuAJiY6H8q0tv1-RA_z-_QZXnBAHECxVkxMB0Mkgxm5rR9c2Qv","2021-08-18 20:03:25","2021-08-18 20:04:46","2021-08-18 20:04:46","","1052","hev","hev, phev, bev","not_sure","1","Gasoline","","driveway","","2","maybe","maybe","1988","male","","white","","degree_bs","employed_over40","detached","","own","","1","inc_75to100","moderate","","no","great survey"
"y_QR-2LDulSolwQKNVWIqx_MWiFl09aUBGi7zV5L95_xVHYzl-Clbj-D-g-ddgVU","2021-08-18 20:03:41","2021-08-18 20:04:45","2021-08-18 20:04:45","","1059","hev","hev","10000","1","Gasoline","","street","","1","definitelyNot","definitelyNot","2002","male","","hispanic","","hs","not_employed_yes_looking","apartment","","rent","","2","under25","very_conservative","","yes","This was a good survey"
"sPP37zm3pQIZ1NT6WCOY9hw4VQLjpCRo24u3mFCsIPKEUtlvpGdW7y2TYEIH7Y8J","2021-08-18 20:03:52","2021-08-18 20:04:56","2021-08-18 20:04:56","","1051","hev","hev","2500","1","Hybrid","","street","","1","definitelyYes","definitelyYes","1993","female","","white","","degree_bs","employed_under40","detached","","own","","4","inc_50to75","moderate","","no","thanks it was easy "
"8PF_m3vCNmWahI09nD6M8WG8RO3-7oQtv0EW76i9zlBejMpbeLz8Dx2Rv646inY1","2021-08-18 20:04:23","2021-08-18 20:05:13","2021-08-18 20:05:13","","1056","hev, phev","phev","5000","1","Gasoline","","SFH","","2","probablyYes","probablyYes","1989","female","","asian","","degree_ms","employed_under40","detached","","own","","3","inc_35to50","moderate","","no",""
"QwQYcQTHoHtg2sRayV0sLbRdUT0ZvNroEFsh4egnYTLmfVau8aUx9L5MtS3eKFi2","2021-08-18 20:05:16","2021-08-18 20:07:38","2021-08-18 20:07:38","","1053","hev, phev","phev, bev","not_sure","2","Gasoline, Hybrid","","driveway","","2","definitelyNot","definitelyNot","1963","female","","white","","degree_bs","employed_under40","detached","","own","","2","inc_35to50","moderate","","no",""
"d_K56Jli-3zSC2EsryTS7bNRcXKlilaHjHUPnARkBpnMU8ERSmSPp_oMRwJ7kZF-","2021-08-18 20:05:47","2021-08-18 20:07:06","2021-08-18 20:07:06","","1060","bev","hev","2500","3","Gasoline","","SFH","","2","definitelyYes","definitelyYes","1958","male","","white","","degree_ms","employed_over40","detached","","own","","3","inc_75to100","liberal","","no",""
"vEKLIzGbDo5wi0zrtqYJlIJKA0guMxEO0nhAHMxPgnm6ZLSwCeGJWA4K7k7mDB_j","2021-08-18 20:06:04","2021-08-18 20:07:34","2021-08-18 20:07:34","","1049","hev, phev","hev, phev, bev","not_sure","1","Gasoline","","shared_lot","","2","maybe","maybe","1956","male","","white","","degree_ms","retired","townhome","","own","","1","inc_75to100","liberal","","no",""
"YHyMvs1-h-XGZeEP7tuskmXBkHDr9lB3XavnMSohIk_tLqVF5WiSlpACTDKtklqw","2021-08-18 20:08:25","2021-08-18 20:09:41","2021-08-18 20:09:41","","1055","hev","hev, phev, bev","not_sure","2","Gasoline","","driveway","","2","definitelyYes","definitelyYes","1985","female","","white","","degree_associate","employed_over40","detached","","own","","5 or more","inc_50to75","very_conservative","","no",""
"8YkemmM6Y2M6rMiQypyoGdwMkP4V7KV47tMTpulYs4byWfQOOoRNkoYmcqO8Xexr","2021-08-18 20:10:52","2021-08-18 20:12:31","2021-08-18 20:12:31","","1046","hev","phev, bev","not_sure","1","Gasoline","","driveway","","2","maybe","maybe","1980","female","","black","","hs","not_employed_yes_looking","detached","","own","","4","under25","liberal","","no",""
"JWC8bQzqG8jDUPi6yBvstvPyQl9be9Rk4bUP85iJrmLDbhVFiPQpFKb8OImhCoos","2021-08-18 20:24:26","2021-08-18 20:27:39","2021-08-18 20:27:39","","1061","bev","bev","7500","1","Gasoline","","SFH, shared_garage","","2","maybe","probablyYes","1959","female","","","","college_some","employed_over40","detached","","own","","3","inc_50to75","very_liberal","","no",""
"mfROfyBOLgU2T0hXHAoBDoOoTkol_cXrm9GEaeiRBkICgYjP2tHaDxji2RFrTB2I","2021-08-18 21:03:21","2021-08-18 21:04:40","2021-08-18 21:04:40","","1071","","hev","not_sure","1","Gasoline","","SFH","","2","maybe","maybe","1971","female","","white","","college_some","not_employed_not_looking","detached","","own","","2","inc_75to100","conservative","","no","no"
"Bg88mWc5dPLb_d5GwXWY-KT0QP5XD_aPqaYIzDnX3GqULH5SVWzyT1s8sWyyI-gs","2021-08-18 21:03:39","2021-08-18 21:04:54","2021-08-18 21:04:54","","1066","hev","phev, bev","10000","1","Hybrid","","SFH","","2","definitelyYes","definitelyYes","1977","female","","white","","degree_bs","employed_over40","detached","","own","","1","inc_25to35","moderate","","no",""
"EpYgtRbEAc-cthQDpm7rufyuW05lEiiK-_G8ZrQ0fDvBJngc8POzekwBHpyocd4e","2021-08-18 21:04:57","2021-08-18 21:07:16","2021-08-18 21:07:16","","1070","hev","phev","not_sure","2","Gasoline","","SFH","","3","maybe","maybe","1947","male","","white","","degree_md","retired","detached","","own","","2","inc_50to75","very_conservative","","no","none"
"Awwl9DU4YAN-nlovEWPGwhi-PqCH_DzE2Sf8BtaNXJjGFIy4gC5gr8lFone3DZ61","2021-08-18 21:05:48","2021-08-18 21:07:28","2021-08-18 21:07:28","","1063","","","not_sure","2","Gasoline","","SFH","","3","definitelyNot","definitelyNot","1967","female","","white","","hs","not_employed_not_looking","detached","","rent","","2","inc_35to50","very_liberal","","no",""
"7lGlUckHgDMw7vcvyU-1N1eztM-hHjml4lwQ3B4ETGDpgzGSFye_0TFC0mPY-V__","2021-08-18 21:06:49","2021-08-18 21:08:57","2021-08-18 21:08:57","","1073","hev","hev","7500","1","Gasoline","","SFH","","3","probablyNot","maybe","1952","male","","white","","degree_bs","employed_over40","apartment","","rent","","2","inc_35to50","moderate","","no",""
"WknzIwt514uxgMJ2CASGCNMKCEF9omVFnBqngBXcjOHMPHG8MCVnDeGkIU4bUHEz","2021-08-18 21:06:55","2021-08-18 21:09:12","2021-08-18 21:09:12","","1064","hev","phev, bev","not_sure","2","Gasoline","","SFH","","3","maybe","definitelyNot","1945","male","","black","","vocational","retired","detached","","own","","2","inc_50to75","moderate","","no",""
"ZdKXPJlAHtYZEWtd1749S58_DQ9A15LGXwbo8_kfMN-4d8xR1UxgPFniKwpAelhn","2021-08-18 21:08:00","2021-08-18 21:09:59","2021-08-18 21:09:59","","1080","hev","bev","not_sure","1","Gasoline","","shared_lot","","2","probablyNot","definitelyNot","1960","female","","white","","hs","disabled","apartment","","rent","","2","inc_35to50","very_liberal","","no",""
"jEEtWto0_15ZgcVjhRQ92RlV_fZLR2ai8Uu4IufjZJzoLqxqGfR5tT0W-UrLMjcE","2021-08-18 21:09:19","2021-08-18 21:10:28","2021-08-18 21:10:28","","1070","","hev","not_sure","3","Gasoline","","street, shared_garage","","3","probablyNot","probablyNot","1981","female","","white","","degree_ms","employed_under40","condo","","own","","3","inc_50to75","liberal","","no",""
"qRzvWTCunoM_ASajf7cC0KjG2ZcXwLzDhwrOIjUFrIvQyGnYW4uO9BrKg3KGyt62","2021-08-18 21:09:23","2021-08-18 21:11:35","2021-08-18 21:11:35","","1072","hev","phev, bev","not_sure","1","Gasoline","","SFH","","2","probablyYes","probablyNot","1952","male","","white","","degree_ms","retired","detached","","own","","2","inc_35to50","conservative","","no",""
"RHMLmx4JcoUzuByYxyIntxICvIzzV04uvH-hoOwCEqwjkKWZ0LGw3mw9BViMZqh9","2021-08-18 21:26:00","2021-08-18 21:27:35","2021-08-18 21:27:35","","1086","hev, phev","phev, bev","not_sure","1","Gasoline","","driveway","","2","definitelyNot","definitelyNot","1951","male","","white","","hs","retired","detached","","own","","2","inc_50to75","liberal","","no",""
"xGBmdPalwyJKX7B5R6isgQgyzj4_2LTIIxT0J8m6EY6h3xY38wduNKDb0qu6wllo","2021-08-18 21:30:49","2021-08-18 21:33:51","2021-08-18 21:33:51","","1085","hev, phev","hev, phev, bev","7500","3","Gasoline","","street, SFH","","2","maybe","maybe","1959","female","","white","","hs","retired","detached","","own","","2","inc_75to100","moderate","","no","interesting questions and good thought process"
"2raVRivvfwEy4Jiu8cDEz170pTgJWAlTF6lQLqHWtzk-Q27LhUKRbEgFDg5XvDMx","2021-08-18 21:30:52","2021-08-18 21:36:29","2021-08-18 21:36:29","","1084","hev","phev","not_sure","2","Gasoline","","shared_garage","","2","definitelyNot","definitelyNot","1957","female","","white","","hs","employed_under40","detached","","own","","2","inc_75to100","very_liberal","","no",""
"HWCIrYCTIlpyzvoE94rpFGIgcXS0OtIcCbW_8BGvhdoyTcBTNEMbtibbbkSe3FSJ","2021-08-18 21:53:41","2021-08-18 21:55:41","2021-08-18 21:55:41","","1088","","hev","5000","1","Plug-In Hybrid","","driveway","","3","maybe","probablyYes","1974","female","","white","","degree_bs","employed_under40","detached","","rent","","4","inc_50to75","very_conservative","","yes","very nice"
